{"cameraMode":{"drawMode":1,"name":"Wireframe","section":"Shading Mode"},"sceneLighting":true,"audioPlay":false,"sceneViewState":{"showFog":true,"showMaterialUpdate":false,"showSkybox":true,"showFlares":true,"showImageEffects":true,"showParticleSystems":true},"in2DMode":false,"pivot":{"x":-59.599998474121097,"y":1.440000057220459,"z":-28.700000762939454},"rotation":{"x":-0.05832626670598984,"y":0.869521975517273,"z":-0.4788663983345032,"w":-0.10590837895870209},"size":170.0536651611328,"orthographic":false}