{"cameraMode":{"drawMode":0,"name":"Shaded","section":"Shading Mode"},"sceneLighting":true,"audioPlay":false,"sceneViewState":{"showFog":true,"showMaterialUpdate":false,"showSkybox":true,"showFlares":true,"showImageEffects":true,"showParticleSystems":true},"in2DMode":false,"pivot":{"x":2.44921875,"y":0.6435546875,"z":7.666656494140625},"rotation":{"x":0.26037275791168215,"y":-0.7388312220573425,"z":0.419111430644989,"w":0.4589990973472595},"size":1.5479389429092408,"orthographic":true}