{"cameraMode":{"drawMode":0,"name":"Shaded","section":"Shading Mode"},"sceneLighting":false,"audioPlay":false,"sceneViewState":{"showFog":true,"showMaterialUpdate":false,"showSkybox":false,"showFlares":true,"showImageEffects":true,"showParticleSystems":true},"in2DMode":false,"pivot":{"x":1.059999942779541,"y":1.1720249652862549,"z":10.458980560302735},"rotation":{"x":-0.15850582718849183,"y":0.6178774833679199,"z":-0.12899157404899598,"w":-0.7592526078224182},"size":5.032848358154297,"orthographic":false}