{"cameraMode":{"drawMode":0,"name":"Shaded","section":"Shading Mode"},"sceneLighting":false,"audioPlay":false,"sceneViewState":{"showFog":true,"showMaterialUpdate":false,"showSkybox":false,"showFlares":true,"showImageEffects":true,"showParticleSystems":true},"in2DMode":false,"pivot":{"x":2.6757755279541017,"y":1.440000057220459,"z":0.6011381149291992},"rotation":{"x":-0.21614566445350648,"y":-0.5787882804870606,"z":0.16261598467826844,"w":-0.7693122029304504},"size":3.7770230770111086,"orthographic":false}