{"cameraMode":{"drawMode":0,"name":"Shaded","section":"Shading Mode"},"sceneLighting":true,"audioPlay":false,"sceneViewState":{"showFog":true,"showMaterialUpdate":false,"showSkybox":true,"showFlares":true,"showImageEffects":true,"showParticleSystems":true},"in2DMode":false,"pivot":{"x":-0.09999996423721314,"y":0.8930000066757202,"z":4.199999809265137},"rotation":{"x":-0.14493753015995027,"y":0.596296489238739,"z":-0.11054792255163193,"w":-0.7817946076393127},"size":19.831737518310548,"orthographic":false}