{"cameraMode":{"drawMode":0,"name":"Shaded","section":"Shading Mode"},"sceneLighting":true,"audioPlay":false,"sceneViewState":{"showFog":true,"showMaterialUpdate":false,"showSkybox":true,"showFlares":true,"showImageEffects":true,"showParticleSystems":true},"in2DMode":false,"pivot":{"x":1.0075780153274537,"y":-0.3625520169734955,"z":7.099099636077881},"rotation":{"x":-0.14493753015995027,"y":0.596296489238739,"z":-0.11054792255163193,"w":-0.7817946076393127},"size":12.703861236572266,"orthographic":false}